Name,otherNames
Mount,othernames here
Side Control,othernames here
Back,othernames here
Truck,othernames here
Knee On Belly,othernames here
Turtle,othernames here
Crucifix,othernames here
50 50,othernames here
Crab Ride,othernames here
Kesa Getame,othernames here
Saddle,othernames here
North South,othernames here
Dogfight,othernames here
Closed Guard,othernames here
Half Guard,othernames here
De La Riva Guard,othernames here
Open Guard,othernames here
Spider Guard,othernames here
Collar Sleeve Guard,othernames here
X Guard,othernames here
Single Leg X Guard,othernames here
Shin to Shin Guard,othernames here
Rubber Guard,othernames here
Reverse De La Riva Guard,othernames here
Lasso Guard,othernames here
Knee Shield Guard,othernames here
Rat Guard,othernames here
Deep Half Guard,othernames here
K Guard,othernames here
Cross Guard,othernames here
